User	Jardine_Concept to Text	Jardine_Distributional Semantics	Jardine_Domain Adaptation	Jardine_Information Extraction	Jardine_Lexical Semantics	Jardine_Parser Evaluation	Jardine_Statistical Machine Translation Models	Jardine_Statistical Parsing	TechKnAcq-Jardine_Concept to Text	TechKnAcq-Jardine_Distributional Semantics	TechKnAcq-Jardine_Domain Adaptation	TechKnAcq-Jardine_Information Extraction	TechKnAcq-Jardine_Lexical Semantics	TechKnAcq-Jardine_Parser Evaluation	TechKnAcq-Jardine_Statistical Machine Translation Models	TechKnAcq-Jardine_Statistical Parsing	TechKnAcq-only_Coreference Resolution	TechKnAcq-only_Machine Translation	TechKnAcq-only_Morphological Segmentation	TechKnAcq-only_Parsing	TechKnAcq-only_Question Answering	TechKnAcq-only_Sentiment Analysis	TechKnAcq-only_Speech Recognition	TechKnAcq-only_Word Sense Disambiguation
Original	['H05-1042', 'D09-1005', 'W98-1411', 'P04-1011', 'P95-1034', 'P09-1011', 'W05-1506', 'P07-1019', 'J07-2003', 'J93-2003', 'P02-1040', 'N07-1022', 'A00-2026', 'P00-1041', 'C10-2062', 'D08-1082']	['P93-1024', 'P99-1004', 'C04-1146', 'J07-2002', 'P02-1030', 'P98-2127', 'P08-1068', 'D09-1098', 'J01-3003', 'P04-1036', 'P07-1028', 'J98-1004', 'D08-1094', 'P08-1028']	['W01-0521', 'P07-1033', 'W06-1615', 'W08-1302', 'N04-4006', 'W07-2202', 'P06-1043', 'D08-1050', 'D07-1112', 'P07-1034', 'P07-1056']	['D09-1001', 'P09-1113', 'P07-1107', 'D09-1120', 'D08-1112', 'N04-4028', 'P08-1090', 'N07-4013', 'P04-1054']	['P98-1013', 'W04-2604', 'P03-2030', 'J05-1004', 'N06-2015', 'N07-1071', 'N07-1069', 'W04-2807', 'J02-3001', 'W05-0620', 'W05-0625', 'W05-0623', 'N06-1017', 'P09-2019']	['H91-1060', 'P06-2006', 'D09-1085', 'W08-1307']	['P08-1024', 'D08-1023', 'P05-1033', 'N04-1035', 'N09-1025']	['J03-4003', 'J07-4004', 'P02-1035', 'P95-1037', 'J93-1002', 'J98-4004', 'P96-1025', 'W97-0301', 'P99-1069', 'P05-1012', 'C04-1010', 'P08-1108', 'C96-1058', 'P02-1043', 'P01-1010', 'P04-1013', 'P05-1011', 'C92-2065', 'C02-1013', 'W07-2207', 'N07-1051', 'P03-1054']	['acl-J98-3001', 'wiki-lexical_choice', 'wiki-content_determination', 'acl-W13-2103', 'acl-C02-1138', 'acl-E03-2016']	['wiki-semantic_similarity', 'wiki-second-order_co-occurrence_pointwise_mutual_information', 'acl-P13-4006', 'wiki-latent_semantic_analysis', 'acl-J05-4002', 'acl-S12-1085', 'acl-D09-1084']	['wiki-domain_adaptation', 'acl-W10-0104', 'acl-E09-1006', 'acl-N10-1004', 'acl-W10-2603', 'acl-N09-1032']	['acl-X93-1012', 'acl-J93-3001', 'acl-M95-1002', 'acl-X96-1047', 'acl-E12-1034', 'acl-W12-2412', 'acl-W06-0901', 'acl-D12-1062', 'acl-D07-1075', 'acl-M91-1007', 'acl-M91-1004']	['acl-C82-1018', 'acl-E83-1022', 'acl-C00-2111', 'acl-E09-1069', 'acl-T78-1008', 'acl-N10-1032', 'acl-D07-1050', 'acl-H89-2011', 'acl-N10-1059', 'acl-W09-3729']	['wiki-parse_tree', 'wiki-terminal_and_non-terminal_functions', 'acl-J08-4003', 'wiki-beam_search', 'acl-D12-1029', 'acl-E12-1008', 'acl-C92-1032', 'acl-J03-1006', 'acl-P92-1006', 'acl-H92-1025', 'acl-C08-1071', 'acl-P05-1022', 'acl-H05-1099']	['wiki-hybrid_machine_translation', 'acl-P13-1140', 'acl-D11-1019', 'acl-W13-0805', 'acl-C04-1005', 'acl-P10-1034', 'acl-D10-1043', 'acl-P13-4014', 'wiki-lepor', 'wiki-machine_translation', 'acl-W13-2247', 'acl-P10-1064', 'acl-J04-4002', 'acl-J94-2001', 'acl-W02-1021', 'acl-J03-1005', 'acl-D12-1088', 'acl-P10-1049', 'acl-W13-2238']	['wiki-parse_tree', 'wiki-terminal_and_non-terminal_functions', 'acl-J08-4003', 'wiki-beam_search', 'acl-D12-1029', 'acl-E12-1008', 'acl-C92-1032', 'acl-J03-1006', 'acl-P92-1006', 'acl-H92-1025', 'acl-C08-1071', 'acl-P05-1022', 'acl-H05-1099']	['acl-C10-1017', 'acl-N13-2001', 'acl-D13-1028', 'acl-D13-1027', 'acl-D12-1114', 'acl-I05-2040']	['wiki-machine_translation', 'wiki-statistical_machine_translation', 'acl-J04-4002', 'wiki-hybrid_machine_translation', 'acl-W02-1021', 'acl-J03-1005', 'acl-J85-1001', 'acl-C82-2066', 'acl-P13-4014', 'wiki-lepor', 'acl-W13-2247', 'acl-P10-1064', 'acl-C96-2178', 'acl-P09-1018', 'acl-C92-2080']	['wiki-morphology_(linguistics)', 'wiki-word_stem', 'acl-E87-1022', 'acl-W04-0111', 'acl-J08-3003', 'acl-W96-0207', 'acl-W12-3903', 'acl-W08-2117', 'acl-W04-0108']	['acl-J08-4003', 'acl-J11-1007', 'wiki-beam_search', 'wiki-parse_tree', 'acl-J03-1006', 'acl-D12-1030', 'acl-P12-1110', 'acl-D12-1029', 'acl-E12-1008', 'acl-S12-1058']	['wiki-question_answering', 'acl-W08-1802', 'acl-N07-1066', 'acl-W04-2509', 'acl-N04-1008', 'acl-E06-3005']	['acl-S13-2083', 'acl-H05-1044', 'acl-C10-2036', 'acl-S13-2091', 'acl-J09-3003', 'acl-S13-2090']	['acl-P99-1002', 'wiki-speech_recognition', 'acl-H89-2038', 'acl-H91-1054', 'acl-J90-3003', 'acl-P93-1007', 'acl-H89-2002', 'acl-J94-1002', 'acl-W06-1302', 'acl-N04-1017', 'acl-I08-8005']	['wiki-classic_monolingual_word-sense_disambiguation', 'wiki-word_sense', 'acl-N07-1025', 'acl-C10-1019', 'acl-I05-1080', 'acl-C02-1097']
0	['H05-1042', 'D09-1005', 'W98-1411', 'P04-1011', 'P95-1034', 'P09-1011', 'W05-1506', 'P07-1019', 'J07-2003', 'J93-2003', 'P02-1040', 'N07-1022', 'A00-2026', 'P00-1041', 'C10-2062', 'D08-1082']			['D09-1001', 'P09-1113', 'P07-1107', 'D09-1120', 'D08-1112', 'N04-4028', 'P08-1090', 'N07-4013', 'P04-1054']	['P98-1013', 'W04-2604', 'P03-2030', 'J05-1004', 'N06-2015', 'N07-1071', 'N07-1069', 'W04-2807', 'J02-3001', 'W05-0620', 'W05-0625', 'W05-0623', 'N06-1017', 'P09-2019']				['J98-3001', 'lexical_choice', 'content_determination', 'W13-2103', 'C02-1138', 'E03-2016']			['X93-1012', 'J93-3001', 'M95-1002', 'X96-1047', 'E12-1034', 'W06-0901', 'W12-2412', 'D12-1062', 'D07-1075', 'M91-1007', 'M91-1004']	['C82-1018', 'E83-1022', 'C00-2111', 'E09-1069', 'T78-1008', 'N10-1032', 'D07-1050', 'H89-2011', 'N10-1059', 'W09-3729']							['J08-4003', 'J11-1007', 'beam_search', 'parse_tree', 'J03-1006', 'D12-1030', 'P12-1110', 'D12-1029', 'E12-1008', 'S12-1058']		['S13-2083', 'H05-1044', 'S13-2091', 'J09-3003', 'S13-2090', 'C10-2036']	['P99-1002', 'speech_recognition', 'H89-2038', 'H91-1054', 'J90-3003', 'P93-1007', 'H89-2002', 'J94-1002', 'W06-1302', 'N04-1017', 'I08-8005']	
1					['J05-1004', 'N06-2015', 'P98-1013', 'P03-2030', 'W04-2807', 'N07-1071', 'J02-3001', 'N07-1069', 'W05-0620', 'P09-2019', 'W04-2604', 'W05-0625', 'W05-0623']		['N04-1035', 'P05-1033', 'P08-1024', 'D08-1023', 'N09-1025']	['P96-1025', 'W97-0301', 'J98-4004', 'P01-1010', 'N07-1051', 'C96-1058', 'C04-1010', 'P05-1012', 'P08-1108', 'J03-4003', 'P05-1011', 'P02-1043', 'J07-4004', 'C92-2065', 'P03-1054']					['T78-1008', 'C82-1018', 'E83-1022', 'H89-2011', 'C00-2111', 'D07-1050', 'E09-1069', 'W09-3729', 'N10-1059', 'N10-1032']		['machine_translation', 'J04-4002', 'J03-1005', 'D12-1088', 'P13-1140', 'W13-0805', 'W13-2238', 'P10-1049', 'P10-1034', 'D11-1019', 'D10-1043', 'P10-1064']	['parse_tree', 'terminal_and_non-terminal_functions', 'beam_search', 'H05-1099', 'P05-1022', 'C08-1071', 'J08-4003', 'E12-1008', 'D12-1029']		['machine_translation', 'statistical_machine_translation', 'W02-1021', 'J03-1005', 'J04-4002', 'P09-1018', 'P10-1064']	['morphology_(linguistics)', 'word_stem', 'W12-3903']	['J08-4003', 'J11-1007', 'beam_search', 'parse_tree', 'J03-1006', 'D12-1030', 'P12-1110', 'D12-1029', 'E12-1008', 'S12-1058']				
2	['H05-1042', 'W98-1411', 'P04-1011', 'P95-1034', 'P09-1011', 'W05-1506', 'A00-2026', 'C10-2062', 'D08-1082', 'P07-1019']		['P07-1033', 'W06-1615', 'P07-1034', 'W08-1302', 'P07-1056', 'N04-4006', 'W07-2202', 'P06-1043', 'D08-1050', 'D07-1112']	['N04-4028', 'N07-4013', 'P04-1054', 'P09-1113', 'D09-1001', 'P07-1107', 'D09-1120']					['content_determination', 'C02-1138', 'J98-3001', 'E03-2016', 'W13-2103', 'lexical_choice']		['domain_adaptation', 'W10-0104', 'N10-1004', 'E09-1006', 'W10-2603', 'N09-1032']	['X93-1012', 'D07-1075', 'W06-0901', 'W12-2412', 'J93-3001', 'M95-1002', 'X96-1047', 'M91-1007', 'M91-1004']									['question_answering', 'N04-1008', 'N07-1066', 'W04-2509', 'E06-3005', 'W08-1802']	['S13-2083', 'S13-2090', 'H05-1044', 'C10-2036', 'S13-2091', 'J09-3003']	['speech_recognition', 'P99-1002', 'I08-8005', 'H89-2038', 'H91-1054', 'P93-1007', 'W06-1302']	
3				['N07-4013', 'D09-1120', 'P09-1113', 'D08-1112', 'N04-4028', 'D09-1001', 'P07-1107', 'P08-1090', 'P04-1054']	['W05-0625', 'P09-2019', 'J02-3001', 'J05-1004', 'W04-2604', 'P98-1013', 'P03-2030', 'N06-2015', 'N07-1071', 'N07-1069', 'W04-2807', 'W05-0620', 'W05-0623', 'N06-1017']	['W08-1307', 'D09-1085', 'H91-1060', 'P06-2006']						['X93-1012', 'D07-1075', 'W06-0901', 'W12-2412', 'D12-1062', 'J93-3001', 'M91-1007', 'M91-1004', 'M95-1002', 'X96-1047', 'E12-1034']	['D07-1050', 'H89-2011', 'N10-1059', 'C82-1018', 'E83-1022', 'C00-2111', 'E09-1069', 'T78-1008', 'N10-1032', 'W09-3729']	['parse_tree', 'H05-1099', 'P92-1006', 'D12-1029', 'C08-1071', 'J08-4003', 'terminal_and_non-terminal_functions', 'beam_search', 'E12-1008', 'C92-1032', 'J03-1006', 'H92-1025', 'P05-1022']								['S13-2091', 'H05-1044', 'S13-2083', 'C10-2036', 'S13-2090', 'J09-3003']	['speech_recognition', 'P99-1002', 'H89-2038', 'H91-1054', 'J90-3003', 'P93-1007', 'H89-2002', 'J94-1002', 'W06-1302', 'N04-1017', 'I08-8005']	['word_sense', 'N07-1025', 'classic_monolingual_word-sense_disambiguation', 'I05-1080', 'C02-1097', 'C10-1019']
4	['A00-2026', 'H05-1042', 'P04-1011', 'D08-1082', 'W98-1411', 'P95-1034', 'P09-1011', 'N07-1022']		['W01-0521', 'W08-1302', 'P07-1033', 'W06-1615', 'P06-1043', 'Domain adaptation in natural language processing J Jiang - 2008 ', 'N04-4006', 'W07-2202', 'D08-1050', 'D07-1112', 'P07-1034', 'P07-1056', 'Domain adaptation for statistical classifiers H Daume III, D Marcu - Journal of Artificial Intelligence Research, 2006 - jair.org', 'Improving performance of natural language processing part-of-speech tagging on clinical narratives through domain adaptation JP Ferraro, H DaumÃ©, SL DuVallâ€¦ - Journal of the â€¦, 2013 - jamia.oxfordjournals.org']	['D09-1001', 'P09-1113', 'P07-1107', 'D09-1120', 'D08-1112', 'N04-4028', 'P08-1090', 'N07-4013', 'P04-1054']			['P08-1024', 'D08-1023', 'P05-1033', 'N04-1035', 'N04-1035']		['J98-3001', 'C02-1138', 'E03-2016', 'lexical_choice', 'content_determination', 'W13-2103']		['domain_adaptation', 'W10-0104', 'E09-1006', 'N10-1004', 'W10-2603', 'N09-1032']	['X93-1012', 'M95-1002', 'X96-1047', 'E12-1034', 'W12-2412', 'W06-0901', 'D12-1062', 'Emerging Technologies of Text Mining: Techniques and Applications: Techniques and Applications HA Do Prado - 2007', 'D07-1075', 'M91-1007', 'M91-1004', "Overview of BioNLP'09 shared task on event extraction JD Kim, T Ohta, S Pyysalo, Y Kano, J Tsujii - Proceedings of the â€¦, 2009 - dl.acm.org"]			['hybrid_machine_translation', 'C04-1005', 'machine_translation', 'P13-4014', 'D11-1019', 'P10-1034', 'W13-0805', 'D10-1043', 'lepor', 'P13-1140', 'W13-2247', 'P10-1064', 'J04-4002', 'J94-2001', 'W02-1021', 'D12-1088', 'P10-1049', 'Philipp Koehn. Europarl: A Parallel Corpus for Statistical Machine Translation. MT Summit 2005. http://www.iccs.inf.ed.ac.uk/~pkoehn/publications/europarl-mtsummit05.pdf', 'W13-2238', 'Moses: Open source toolkit for statistical machine translation P Koehn, H Hoang, A Birch, C Callison-Burchâ€¦ - Proceedings of the 45th â€¦, 2007 - dl.acm.org']			['machine_translation', 'statistical_machine_translation', 'hybrid_machine_translation', 'J04-4002', 'J85-1001', 'P10-1064', 'W02-1021', 'J03-1005', 'C82-2066', 'P13-4014', 'lepor', 'W13-2247', 'C96-2178', 'P09-1018']					['P99-1002', 'speech_recognition', 'H89-2038', 'H91-1054', 'P93-1007', 'H89-2002', 'J94-1002', 'W06-1302', 'N04-1017', 'I08-8005', 'J90-3003']	['classic_monolingual_word-sense_disambiguation', 'word_sense', 'N07-1025', 'C10-1019', 'I05-1080', 'C02-1097']
5	['P09-1011', 'H05-1042', 'W98-1411', 'P02-1040', 'P04-1011', 'P95-1034', 'C10-2062', 'D09-1005', 'W05-1506', 'P07-1019', 'J07-2003', 'J93-2003', 'N07-1022', 'A00-2026', 'P00-1041', 'D08-1082']	['P93-1024', 'P99-1004', 'P02-1030', 'C04-1146', 'D08-1094', 'J07-2002', 'P98-2127', 'P08-1068', 'D09-1098', 'J01-3003', 'P04-1036', 'P07-1028', 'J98-1004', 'P08-1028']		['P07-1107', 'D09-1120', 'D08-1112', 'P08-1090', 'P09-1113', 'N07-4013', 'D09-1001']					['J98-3001', 'E03-2016', 'W13-2103', 'C02-1138', 'content_determination', 'lexical_choice']	['P13-4006', 'D09-1084', 'S12-1085', 'J05-4002', 'semantic_similarity', 'latent_semantic_analysis', 'second-order_co-occurrence_pointwise_mutual_information']		['X93-1012', 'E12-1034', 'J93-3001', 'D07-1075', 'M95-1002', 'W06-0901', 'D12-1062', 'M91-1007']					['D12-1114', 'N13-2001', 'D13-1028', 'D13-1027', 'C10-1017', 'I05-2040']				['W08-1802', 'N07-1066', 'N04-1008', 'W04-2509', 'E06-3005']	['H05-1044', 'J09-3003', 'S13-2083', 'S13-2091', 'S13-2090']		
6		['Tomas Mikolov, Ilya Sutskever, Kai Chen, Greg Corrado, Jeffrey Dean, 2013, Distributed Representations of Words and Phrases and their Compositionality', 'D09-1098', 'D08-1094', 'P93-1024', 'P99-1004', 'C04-1146', 'J07-2002', 'P02-1030', 'P98-2127', 'P08-1068', 'J01-3003', 'P04-1036', 'P07-1028', 'J98-1004', 'P08-1028']		['N07-4013', 'N04-4028', 'P09-1113', 'D09-1120', 'P07-1107', 'D08-1112', 'D09-1001', 'P08-1090', 'P04-1054']	['N06-2015', 'P98-1013', 'J02-3001', 'P03-2030', 'W04-2604', 'J05-1004', 'N07-1071', 'N07-1069', 'W04-2807', 'W05-0620', 'W05-0625', 'W05-0623', 'N06-1017', 'P09-2019']					['D09-1084', 'semantic_similarity', 'second-order_co-occurrence_pointwise_mutual_information', 'P13-4006', 'latent_semantic_analysis', 'J05-4002', 'S12-1085']		['X93-1012', 'E12-1034', 'J93-3001', 'D12-1062', 'X96-1047', 'W12-2412', 'W06-0901', 'M95-1002', 'D07-1075', 'M91-1007', 'M91-1004']	['D07-1050', 'C82-1018', 'E09-1069', 'George A. Miller, Richard Beckwith, Christiane Fellbaum, Derek Gross, and Katherine Miller, 1993, Introduction to WordNet: An On-line Lexical Database', 'N10-1032', 'T78-1008', 'E83-1022', 'C00-2111', 'H89-2011', 'N10-1059', 'W09-3729']					['W02-1021', 'hybrid_machine_translation', 'J04-4002', 'Joshua Goodman, 2001, A Bit of Progress in Language Modeling', 'J03-1005', 'statistical_machine_translation', 'J85-1001', 'C82-2066', 'P13-4014', 'machine_translation', 'lepor', 'W13-2247', 'P10-1064', 'C96-2178', 'P09-1018', 'C92-2080']				['Soo-Min Kim, Eduard Hovy, 2004, Determining the sentiment of opinions', 'Bo Pang and Lillian Lee, 2008, Opinion mining and sentiment analysis', 'S13-2091', 'H05-1044', 'J09-3003', 'S13-2083', 'S13-2090', 'C10-2036']		['classic_monolingual_word-sense_disambiguation', 'word_sense', 'N07-1025', 'C02-1097', 'C10-1019', 'I05-1080']
7				['D09-1001', 'P09-1113', 'P07-1107', 'D09-1120', 'D08-1112', 'N04-4028', 'P08-1090', 'N07-4013', 'P04-1054']	['P98-1013', 'W04-2604', 'P03-2030', 'J05-1004', 'N06-2015', 'N07-1071', 'N07-1069', 'W04-2807', 'J02-3001', 'W05-0620', 'W05-0625', 'W05-0623', 'N06-1017', 'P09-2019']			['J03-4003', 'J07-4004', 'P02-1035', 'P95-1037', 'J93-1002', 'J98-4004', 'P96-1025', 'W97-0301', 'P99-1069', 'P05-1012', 'C04-1010', 'P08-1108', 'C96-1058', 'P02-1043', 'P01-1010', 'P04-1013', 'P05-1011', 'C92-2065', 'C02-1013', 'W07-2207', 'N07-1051', 'P03-1054']				['X93-1012', 'Douglas E Appelt and David J Israel, 1999, Introduction to Information Extraction Technology', 'J93-3001', 'M95-1002', 'X96-1047', 'D07-1075', 'W06-0901', 'W12-2412', 'E12-1034', 'D12-1062', 'M91-1007', 'M91-1004']	['C82-1018', 'E83-1022', 'C00-2111', 'E09-1069', 'T78-1008', 'N10-1032', 'D07-1050', 'H89-2011', 'N10-1059', 'W09-3729']			['parse_tree', 'terminal_and_non-terminal_functions', 'J08-4003', 'beam_search', 'D12-1029', 'E12-1008', 'C92-1032', 'J03-1006', 'P92-1006', 'H92-1025', 'C08-1071', 'P05-1022', 'H05-1099']				['J08-4003', 'J11-1007', 'beam_search', 'parse_tree', 'J03-1006', 'D12-1030', 'P12-1110', 'D12-1029', 'E12-1008', 'S12-1058']		['S13-2083', 'H05-1044', 'S13-2091', 'S13-2090', 'J09-3003']		['word_sense', 'classic_monolingual_word-sense_disambiguation', 'N07-1025', 'C10-1019', 'I05-1080', 'C02-1097']
8			['W01-0521', 'P07-1033', 'W08-1302', 'W06-1615', 'P06-1043', 'D08-1050', 'W07-2202', 'D07-1112', 'P07-1034']	['P04-1054', 'P09-1113', 'D09-1001', 'D08-1112', 'N04-4028', 'D09-1120', 'P07-1107', 'N07-4013']	['J02-3001', 'J05-1004', 'P98-1013', 'P03-2030', 'W04-2604', 'W05-0625', 'N07-1071', 'N07-1069', 'N06-2015', 'W05-0620', 'W05-0623', 'N06-1017', 'P09-2019']						['W10-0104', 'E09-1006', 'domain_adaptation', 'N10-1004']	['X93-1012', 'W06-0901', 'W12-2412', 'D07-1075', 'M95-1002', 'D12-1062']	['D07-1050', 'C82-1018', 'E09-1069', 'H89-2011', 'T78-1008', 'N10-1059', 'C00-2111']								['N04-1008', 'W08-1802', 'E06-3005', 'N07-1066', 'W04-2509', 'question_answering']	['Liu, 2010, Sentiment Analysis and Subjectivity', 'J09-3003', 'S13-2083', 'S13-2091', 'Su and Markert, 2008, From Words to Senses: a Case Study in Subjectivity Recognition', 'S13-2090']		['Navigli, ACM 2009, Word Sense Disambiguation: A Survey', 'N07-1025', 'word_sense', 'Agirre and Martinez, 2001, Knowledge Sources for WSD', 'C10-1019', 'classic_monolingual_word-sense_disambiguation', 'I05-1080', 'C02-1097']
9			['W01-0521', 'P07-1033', 'W06-1615', 'W08-1302', 'P06-1043', 'N04-4006', 'D07-1112', 'W07-2202', 'P07-1034', 'D08-1050', 'P07-1056']	['D09-1001', 'P09-1113', 'N04-4028', 'D09-1120', 'P07-1107', 'D08-1112', 'P08-1090', 'P04-1054', 'N07-4013']	['P98-1013', 'P03-2030', 'W04-2604', 'N06-2015', 'J05-1004', 'W04-2807', 'N07-1071', 'N07-1069', 'J02-3001', 'W05-0620', 'W05-0625', 'W05-0623', 'N06-1017', 'P09-2019']						['domain_adaptation', 'E09-1006', 'N10-1004', 'W10-2603', 'W10-0104', 'N09-1032']	['X93-1012', 'J93-3001', 'M95-1002', 'X96-1047', 'W06-0901', 'E12-1034', 'W12-2412', 'D12-1062', 'M91-1007', 'D07-1075', 'M91-1004']	['C82-1018', 'E83-1022', 'C00-2111', 'T78-1008', 'E09-1069', 'N10-1032', 'D07-1050', 'H89-2011', 'N10-1059', 'W09-3729']				['C10-1017', 'N13-2001', 'D13-1027', 'D12-1114', 'I05-2040', 'D13-1028']				['question_answering', 'N07-1066', 'W04-2509', 'N04-1008', 'W08-1802', 'E06-3005']	['H05-1044', 'J09-3003', 'C10-2036', 'S13-2083', 'S13-2091', 'S13-2090']		
10	['H05-1042', 'A00-2026', 'W98-1411', 'P04-1011', 'P95-1034', 'N07-1022', 'P00-1041', 'P02-1040', 'C10-2062']			['P09-1113', 'D08-1112', 'N04-4028', 'P08-1090', 'N07-4013', 'P04-1054', 'D09-1120', 'P07-1107', 'D09-1001']				['J03-4003', 'J07-4004', 'P02-1035', 'P95-1037', 'J93-1002', 'J98-4004', 'P96-1025', 'W97-0301', 'P99-1069', 'P05-1012', 'C04-1010', 'P08-1108', 'C96-1058', 'P02-1043', 'P01-1010', 'P04-1013', 'P05-1011', 'C92-2065', 'C02-1013', 'W07-2207', 'N07-1051', 'P03-1054']	['J98-3001', 'lexical_choice', 'content_determination', 'C02-1138', 'W13-2103']			['X93-1012', 'D07-1075', 'W12-2412', 'J93-3001', 'M91-1007', 'M91-1004', 'X96-1047', 'M95-1002', 'W06-0901', 'E12-1034', 'D12-1062']				['parse_tree', 'terminal_and_non-terminal_functions', 'beam_search', 'An efficient context-free parsing algorithm (Earley, 1970)', 'Statistical Parsing with a Context-free Grammar and Word Statistics (Charniak, 1997)', 'J03-1006', 'P05-1022', 'C92-1032', 'H05-1099', 'J08-4003', 'D12-1029', 'E12-1008', 'P92-1006', 'H92-1025', 'Wide-coverage efficient statistical parsing with CCG and log-linear models (Clark & Curran, 2007)', 'C08-1071']	['A machine learning approach to coreference resolution of noun phrases (Soon, Ng, Lim, 2001)', 'N13-2001', 'D13-1027', 'D12-1114', 'C10-1017', 'D13-1028', 'I05-2040']					['S13-2091', 'H05-1044', 'J09-3003', 'S13-2083', 'C10-2036', 'S13-2090']		['word_sense', 'classic_monolingual_word-sense_disambiguation', 'Automatic word sense discrimination (Schutz, 1998)', 'N07-1025', 'C10-1019', 'I05-1080', 'C02-1097']
11		['P98-2127', 'M. Baroni & A. Lenci, 2010, Distributional Memory: A general framework for corpus-based semantics. ', 'P. Turney, 2006, Similarity of semantic relations', 'C04-1146', 'P93-1024', 'J07-2002', 'P99-1004', 'J98-1004', 'P02-1030', 'P08-1068', 'J01-3003', 'P07-1028', 'D08-1094', 'P08-1028']		['P09-1113', 'D09-1120', 'P04-1054', 'P07-1107', 'P08-1090', 'D08-1112', 'N04-4028', 'D09-1001', 'N07-4013']	['P98-1013', 'W04-2604', 'P03-2030', 'J05-1004', 'N06-2015', 'J02-3001', 'N07-1071', 'W04-2807', 'N07-1069', 'W05-0620', 'W05-0625', 'W05-0623', 'N06-1017', 'P09-2019']					['semantic_similarity', 'J05-4002', 'D09-1084', 'S12-1085', 'P13-4006', 'latent_semantic_analysis']		['X93-1012', 'J93-3001', 'M95-1002', 'X96-1047', 'W06-0901', 'E12-1034', 'W12-2412', 'D12-1062', 'D07-1075', 'M91-1007']	['C82-1018', 'T78-1008', 'D07-1050', 'E83-1022', 'H89-2011', 'C00-2111', 'E09-1069', 'N10-1032', 'N10-1059']								['question_answering', 'W08-1802', 'E06-3005', 'W04-2509', 'N04-1008', 'N07-1066']	['J09-3003', 'S13-2083', 'H05-1044', 'A. Pak, P. Paroubek, 2010, Twitter as a Corpus for Sentiment Analysis and Opinion Mining', 'S13-2091', 'S13-2090', 'C10-2036']		['word_sense', 'N07-1025', 'C10-1019', 'I05-1080']
12		['P93-1024', 'P99-1004', 'J98-1004', 'P98-2127', 'C04-1146', 'Distributed Representations of Words and Phrases and their Compositionality Tomas Mikolov et al. NIPS 2013 (http://papers.nips.cc/paper/5021-distributed-representations-of-words-and-phrases-and-their-compositionality)', 'P04-1036', 'J07-2002', 'P02-1030', 'D09-1098', 'P07-1028', 'D08-1094', 'P08-1028', 'J01-3003', 'P08-1068']	['W01-0521', 'W06-1615', 'N04-4006', 'W08-1302', 'W07-2202', 'P06-1043', 'D08-1050', 'P07-1033', 'D07-1112', 'P07-1034', 'P07-1056']	['D09-1001', 'D08-1112', 'P09-1113', 'N07-4013', 'D09-1120', 'N04-4028', 'P08-1090', 'P07-1107', 'P04-1054']						['J05-4002', 'Indexing by Latent Semantic Analysis Deerwester, Scott; Dumais, Susan T; Furnas, George W; Landauer, Thomas K; Harshman, Richard. Journal of the American Society for Information Science; New York, N.Y.41.6 (Sep 1, 1990): 391.', 'D09-1084', 'P13-4006', 'S12-1085']	['E09-1006', 'N10-1004', 'W10-0104', 'W10-2603', 'N09-1032']	['J93-3001', 'E12-1034', 'D12-1062', 'D07-1075', 'W06-0901', 'W12-2412', 'M91-1007', 'M95-1002', 'X96-1047', 'X93-1012', 'M91-1004']									['Question answering in restricted domains: an overview Diego Molla Jose Luis Vicedo. Computational Linguistics 2006 (http://www.mitpressjournals.org/doi/pdf/10.1162/coli.2007.33.1.41)', 'N04-1008', 'N07-1066', 'W04-2509', 'Medical Question Answering for Clinical Decision Support Travis Goodwin, Sanda Harabagiu. CIKM 2016 (http://dl.acm.org/citation.cfm?id=2983819)', 'E06-3005']	['Techniques and applications for sentiment analysis Ronen Feldman (http://dl.acm.org/citation.cfm?id=2436274)', 'H05-1044', 'J09-3003', 'Developing a successful SemEval task in sentiment analysis of Twitter and other social media texts Preslav Nakov Sara Rosenthal Svetlana Kiritchenko Saif M. Mohammad Zornitsa Kozareva Alan Ritter Veselin Stoyanov Xiaodan Zhu Language Resources and Evaluation March 2016, Volume 50, Issue 1, pp 35â€“65', 'S13-2091', 'C10-2036', 'S13-2090', 'S13-2083']		['N07-1025', 'C10-1019', 'I05-1080', 'C02-1097', 'classic_monolingual_word-sense_disambiguation']
13			['P07-1033', 'W01-0521', 'W08-1302', 'P07-1056', 'P07-1034', 'W06-1615', 'D08-1050', 'P06-1043', 'D07-1112', 'N04-4006', 'W07-2202']				['P05-1033', 'N09-1025', 'N04-1035', 'D08-1023', 'P08-1024']	['J03-4003', 'P05-1012', 'C04-1010', 'P08-1108', 'P02-1043', 'N07-1051', 'J98-4004', 'J07-4004', 'P95-1037', 'W97-0301', 'P96-1025', 'P01-1010', 'C02-1013', 'P03-1054', 'C92-2065', 'P02-1035', 'P99-1069', 'W07-2207', 'P04-1013', 'P05-1011']			['N10-1004', 'Robert C. Moore and William Lewis (2010),  Intelligent selection of language model training data', 'W10-2603', 'N09-1032', 'W10-0104', 'E09-1006', 'domain_adaptation']				['J03-1005', 'J04-4002', 'W02-1021', 'P10-1049', 'W13-0805', 'D12-1088', 'P10-1034', 'P13-4014', 'P10-1064', 'D11-1019', 'D10-1043', 'C04-1005', 'P13-1140', 'W13-2238', 'machine_translation']	['J08-4003', 'P05-1022', 'J03-1006', 'C08-1071', 'E12-1008', 'H05-1099', 'H92-1025', 'P92-1006', 'D12-1029', 'parse_tree', 'beam_search']		['machine_translation', 'statistical_machine_translation', 'hybrid_machine_translation', 'J85-1001', 'J04-4002', 'W02-1021', 'J03-1005', 'C92-2080', 'W13-2247', 'P10-1064', 'C96-2178', 'P09-1018', 'C82-2066', 'P13-4014', 'lepor']		['parse_tree', 'beam_search', 'J03-1006', 'J08-4003', 'E12-1008', 'J11-1007', 'D12-1029', 'S12-1058', 'D12-1030', 'P12-1110']			['N04-1017', 'H89-2038', 'J94-1002', 'P93-1007', 'W06-1302', 'H91-1054', 'I08-8005', 'P99-1002', 'speech_recognition']	
14	['H05-1042', 'P95-1034', 'W98-1411', 'A00-2026', 'P00-1041', 'N07-1022', 'P04-1011']	['P98-2127', 'P99-1004', 'C04-1146', 'P07-1028', 'D09-1098', 'P08-1028', 'D08-1094', 'J01-3003', 'J07-2002', 'J98-1004', 'P04-1036']			['P98-1013', 'P03-2030', 'J05-1004', 'N07-1069', 'J02-3001', 'W05-0620', 'W05-0623', 'W05-0625', 'N07-1071']				['J98-3001', 'W13-2103', 'C02-1138', 'lexical_choice', 'content_determination']	['J05-4002', 'D09-1084', 'S12-1085', 'P13-4006', 'latent_semantic_analysis', 'semantic_similarity']			['D. A. Cruse, 1997 (?), Lexical Semantics, CUP', 'Charles Fillmore, 2003, Topics in lexical semantics. In Form and Meaning in Language, chapter 6, CSLI', 'Christiane Fellbaum, editor, 1998, WordNet: An Electronic Lexical Database. MIT Press', 'Wikipedia, 2017, https://en.wikipedia.org/wiki/Lexical_semantics', '[This is a comment -- no space for that on this page. I would teach LS from books, mainly linguistic, not from NLP papers. (Geeraerts 2010 is even better than Cruse, but harder.) Papers come next, with technical details.]']						['J08-3003', 'W12-3903', 'W04-0108', 'W08-2117']		['N07-1066', 'N04-1008', 'E06-3005', 'W08-1802', 'W04-2509']	['J09-3003', 'H05-1044', 'S13-2083']		
15		['P93-1024', 'P99-1004', 'C04-1146', 'J07-2002', 'P02-1030', 'P98-2127', 'P08-1068', 'D09-1098', 'J01-3003', 'P04-1036', 'P07-1028', 'J98-1004', 'D08-1094', 'P08-1028']		['D09-1001', 'P09-1113', 'P07-1107', 'D09-1120', 'D08-1112', 'N04-4028', 'P08-1090', 'N07-4013', 'P04-1054']	['P98-1013', 'W04-2604', 'P03-2030', 'J05-1004', 'N06-2015', 'N07-1071', 'N07-1069', 'W04-2807', 'J02-3001', 'W05-0620', 'W05-0625', 'W05-0623', 'N06-1017', 'P09-2019']					['semantic_similarity', 'second-order_co-occurrence_pointwise_mutual_information', 'P13-4006', 'latent_semantic_analysis', 'J05-4002', 'S12-1085', 'D09-1084']		['X93-1012', 'J93-3001', 'M95-1002', 'X96-1047', 'E12-1034', 'W12-2412', 'W06-0901', 'D12-1062', 'D07-1075', 'M91-1007', 'M91-1004']	['C82-1018', 'E83-1022', 'C00-2111', 'E09-1069', 'T78-1008', 'N10-1032', 'D07-1050', 'H89-2011', 'N10-1059', 'W09-3729']					['machine_translation', 'statistical_machine_translation', 'J04-4002', 'hybrid_machine_translation', 'W02-1021', 'J03-1005', 'J85-1001', 'C82-2066', 'P13-4014', 'lepor', 'W13-2247', 'P10-1064', 'C96-2178', 'P09-1018', 'C92-2080']			['question_answering', 'W08-1802', 'N07-1066', 'W04-2509', 'N04-1008', 'E06-3005']			['classic_monolingual_word-sense_disambiguation', 'word_sense', 'N07-1025', 'C10-1019', 'I05-1080', 'C02-1097']
16	['H05-1042', 'D08-1082', 'P95-1034', 'P09-1011', 'W05-1506', 'W98-1411', 'P04-1011', 'P07-1019', 'A00-2026', 'N07-1022', 'P00-1041', 'J93-2003', 'C10-2062']			['D09-1001', 'P09-1113', 'P07-1107', 'D09-1120', 'D08-1112', 'N04-4028', 'P08-1090', 'N07-4013', 'P04-1054']	['P98-1013', 'W04-2604', 'P03-2030', 'N06-2015', 'N07-1071', 'N07-1069', 'J05-1004', 'J02-3001', 'W04-2807', 'W05-0620', 'W05-0625', 'W05-0623', 'P09-2019', 'N06-1017']				['J98-3001', 'content_determination', 'W13-2103', 'C02-1138', 'E03-2016']			['X93-1012', 'J93-3001', 'W06-0901', 'D07-1075', 'M95-1002', 'X96-1047', 'E12-1034', 'W12-2412', 'D12-1062', 'M91-1007', 'M91-1004']	['C82-1018', 'T78-1008', 'N10-1059', 'H89-2011', 'N10-1032', 'E83-1022', 'D07-1050', 'C00-2111', 'E09-1069', 'W09-3729']				['C10-1017', 'N13-2001', 'D13-1027', 'D13-1028', 'D12-1114', 'I05-2040']		['morphology_(linguistics)', 'word_stem', 'W04-0108', 'W96-0207', 'J08-3003', 'W12-3903', 'E87-1022', 'W08-2117', 'W04-0111']			['S13-2083', 'H05-1044', 'S13-2091', 'J09-3003', 'S13-2090', 'C10-2036']		
17						['H91-1060', 'P06-2006', 'D09-1085', 'W08-1307', 'Reut Tsarfaty, Joakim Nivre, and Evelina Andersson. 2012. Cross-Framework Evaluation for Statistical Parsing.']	['P08-1024', 'D08-1023', 'P05-1033', 'IstvÃ¡n Varga and Shoichi Yokoyama. 2007. Japanese-Hungarian Dictionary Generation using Ontology Resources']	['J03-4003', 'J07-4004', 'P02-1035', 'P95-1037', 'J98-4004', 'P96-1025', 'W97-0301', 'P05-1012', 'C04-1010', 'P08-1108', 'C96-1058', 'P02-1043', 'P04-1013', 'P05-1011', 'C92-2065', 'C02-1013', 'W07-2207', 'N07-1051', 'P03-1054']						['parse_tree', 'terminal_and_non-terminal_functions', 'J08-4003', 'beam_search', ' John Carroll , Ted Briscoe  and Antonio Sanfilippo. 1998. Parser Evaluation: a Survey and a New Proposal', 'D12-1029', 'J03-1006', 'P92-1006', 'C08-1071', 'P05-1022', 'H05-1099']	['hybrid_machine_translation', 'P13-1140', 'D11-1019', 'W13-0805', 'Philipp Koehn. 2009. Statistical Machine Translation', 'http://www.statmt.org/survey/', 'C04-1005', 'D10-1043', 'lepor', 'machine_translation', 'P10-1064', 'J04-4002', 'W02-1021', 'J03-1005', 'D12-1088']	['terminal_and_non-terminal_functions', 'J08-4003', 'D12-1029', 'E12-1008', 'C92-1032', 'J03-1006', 'P92-1006', 'C08-1071', 'P05-1022', 'H05-1099']		['machine_translation', 'statistical_machine_translation', 'J04-4002', 'hybrid_machine_translation', 'J03-1005', 'W02-1021', 'J85-1001', 'C82-2066', 'P10-1064', 'C92-2080', 'P13-4014', 'lepor', 'W13-2247', 'C96-2178', 'P09-1018']	['morphology_(linguistics)', 'word_stem', 'E87-1022', 'Ryan Cotterell, Thomas MÃ¼ller, Alexander M. Fraser, Hinrich SchÃ¼tze. 2015. Labeled Morphological Segmentation with Semi-Markov Models', 'W04-0111', 'W04-0108', 'W08-2117', 'W96-0207', 'W12-3903', 'J08-3003']	['J08-4003', 'P12-1110', 'J11-1007', 'J03-1006', 'D12-1030', 'E12-1008', 'S12-1058', 'D12-1029', 'parse_tree', 'beam_search']				
18			['W01-0521', 'W06-1615', 'W07-2202', 'P06-1043', 'P07-1056', 'P07-1033', 'D08-1050', 'W08-1302', 'D07-1112', 'N04-4006', 'P07-1034']	['D09-1001', 'N07-4013', 'D09-1120', 'N04-4028', 'P09-1113', 'P07-1107', 'D08-1112', 'P08-1090', 'William Yang Wang; William W Cohen, JOINT INFORMATION EXTRACTION AND REASONING: A SCALABLE STATISTICAL RELATIONAL LEARNING APPROACH, 53rd Annual Meetings of the Association for Computational Linguistics (ACL 2015)', 'P04-1054']			['P08-1024', 'P05-1033', 'D08-1023', 'N04-1035', 'N09-1025']				['domain_adaptation', 'W10-0104', 'N10-1004', 'E09-1006', 'W10-2603', 'N09-1032']	['X93-1012', 'J93-3001', 'M95-1002', 'X96-1047', 'D07-1075', 'D12-1062', 'E12-1034', 'W12-2412', 'W06-0901', 'M91-1004', 'M91-1007']			['Statistical Machine Translation,  Philipp Koehn, 2009', 'machine_translation', 'hybrid_machine_translation', 'Philipp Koehn and Hieu Hoang, Factored Translation Models, 2007', 'P13-1140', 'Moses manual, Philipp Koehn, 2007', 'D11-1019', 'W13-0805', 'W13-2247', 'D10-1043', 'lepor', 'P10-1064', 'J04-4002', 'C04-1005', 'W13-2238', 'W02-1021', 'Nicola Ueffing; Hermann Ney, Word-Level Confidence Estimation for Machine Translation, 2007', 'J03-1005', 'D12-1088', 'P10-1034', 'P10-1049', 'P13-4014']		['C10-1017', 'D13-1028', 'N13-2001', 'D13-1027', 'I05-2040', 'D12-1114']	['machine_translation', 'statistical_machine_translation', 'J04-4002', 'hybrid_machine_translation', 'W02-1021', 'J03-1005', 'J85-1001', 'C82-2066', 'P13-4014', 'W13-2247', 'P10-1064', 'C96-2178', 'lepor', 'P09-1018', 'C92-2080']						['classic_monolingual_word-sense_disambiguation', 'word_sense', 'I05-1080', 'C02-1097', 'N07-1025', 'C10-1019']
19		['P93-1024', 'J98-1004', 'C04-1146', 'P02-1030', 'J01-3003', 'P08-1068', 'P04-1036', 'W. Kintsch. 2001. Predication. Cognitive Science, 25:173â€“202.', 'P08-1028', 'J07-2002', 'D08-1094']		['P07-1107', 'D09-1120', 'P08-1090', 'N07-4013', 'D09-1001', 'P04-1054', 'P09-1113']	['P98-1013', 'W04-2604', 'P03-2030', 'J05-1004', 'N06-2015', 'N07-1071', 'N07-1069', 'J02-3001', 'W05-0620', 'W05-0625', 'N06-1017', 'P09-2019']					['semantic_similarity', 'Schultze, 1998, Automatic Word sense disambiguation', 'Kintsch, 2001, Predication', 'J05-4002', 'D09-1084', 'Erk and Pado, 2008, A structured vector space model for word sense in context', 'P13-4006']		['X93-1012', 'J93-3001', 'X96-1047', 'M95-1002', 'W06-0901', 'E12-1034', 'Ratinov and Roth, 2009, Design challenges and misconceptions in named entity recognition', 'D12-1062', 'D07-1075', 'Wimalasuriya, 2010, Ontology based information extraction', 'W12-2412']	['C82-1018', 'Miller et al., 1993, An introduction to WordNet', 'Stevenson and Wilks, 2003, Word sense disambiguation', 'D07-1050', 'Palmer, Gildea, Kingsbury, 2005, The Proposition Bank', 'Xue and Palmer, Calibrating features for semantic role labeling', 'Pennington, Socher, and Manning, 2014, Glove']							['J08-4003', 'J11-1007', 'beam_search', 'parse_tree', 'D12-1030', 'P12-1110', 'D12-1029', 'E12-1008', 'S12-1058']		['S13-2083', 'H05-1044', 'C10-2036', 'S13-2091', 'J09-3003', 'S13-2090']		['word_sense', 'classic_monolingual_word-sense_disambiguation', 'N07-1025', 'C02-1097', 'I05-1080', 'C10-1019']
20				['P07-1107', 'D09-1120', 'Raghunathan et al, 2010, A Multi-Pass Sieve for Coreference Resolution ', 'P09-1113', 'P04-1054', 'D08-1112', 'N04-4028', 'D09-1001', 'P08-1090', 'N07-4013']	['W04-2604', 'P98-1013', 'P03-2030', 'J05-1004', 'N06-2015', 'N07-1071', 'N07-1069', 'W04-2807', 'N06-1017', 'J02-3001', 'W05-0620', 'W05-0625', 'W05-0623', 'P09-2019']		['P08-1024', 'D08-1023', 'P05-1033', 'N04-1035', 'N09-1025']					['X93-1012', 'J93-3001', 'X96-1047', 'M95-1002', 'D12-1062', 'W06-0901', 'W12-2412', 'D07-1075', 'M91-1007', 'M91-1004']	['C82-1018', 'E83-1022', 'C00-2111', 'E09-1069', 'T78-1008', 'N10-1032', 'D07-1050', 'H89-2011', 'N10-1059', 'W09-3729']		['P13-1140', 'W13-0805', 'C04-1005', 'D11-1019', 'P10-1034', 'D10-1043', 'P13-4014', 'W13-2247', 'P10-1064', 'J04-4002', 'W02-1021', 'J03-1005', 'Koehn, P, 20014, Pharaoh: a beam search decoder for phrase-based statistical machine translation models', 'D12-1088', 'P10-1049', 'W13-2238']			['machine_translation', 'statistical_machine_translation', 'J85-1001', 'J04-4002', 'hybrid_machine_translation', 'W02-1021', 'J03-1005', 'C82-2066', 'P13-4014', 'lepor', 'W13-2247', 'P10-1064', 'C96-2178', 'P09-1018', 'C92-2080']	['morphology_(linguistics)', 'word_stem', 'E87-1022', 'W04-0111', 'J08-3003', 'W96-0207', 'W12-3903', 'W08-2117', 'W04-0108', 'Joakim et al, 2017, Universal Dependencies 2.0 LINDAT/CLARIN digital library at the Institute of Formal and Applied Linguistics']				['P99-1002', 'H89-2038', 'H91-1054', 'Venditti and Hirschberg, 2003, Intonation and Discourse Processing', 'H89-2002', 'J90-3003', 'P93-1007', 'W06-1302', 'N04-1017', 'I08-8005']	
21	['H05-1042', 'D09-1005', 'W98-1411', 'P95-1034', 'P09-1011', 'W05-1506', 'P07-1019', 'J07-2003', 'J93-2003', 'P02-1040', 'A00-2026', 'D08-1082']	['P93-1024', 'P99-1004', 'C04-1146', 'J07-2002', 'P02-1030', 'P98-2127', 'D09-1098', 'J01-3003', 'D08-1094', 'P08-1028']			['P98-1013', 'W04-2604', 'J05-1004', 'N06-2015', 'P03-2030', 'N07-1071', 'N07-1069', 'W04-2807', 'J02-3001', 'W05-0625', 'W05-0623', 'P09-2019']				['J98-3001', 'lexical_choice', 'content_determination', 'W13-2103', 'C02-1138']	['semantic_similarity', 'second-order_co-occurrence_pointwise_mutual_information', 'P13-4006', 'latent_semantic_analysis', 'J05-4002', 'S12-1085', 'D09-1084']			['C82-1018', 'E09-1069', 'N10-1032', 'D07-1050', 'H89-2011']				['C10-1017', 'N13-2001', 'D13-1028', 'D13-1027', 'D12-1114']				['question_answering', 'W08-1802', 'N07-1066', 'W04-2509', 'N04-1008', 'E06-3005']			['classic_monolingual_word-sense_disambiguation', 'word_sense', 'N07-1025', 'I05-1080', 'C02-1097']
22			['P07-1033', 'P07-1034', 'W06-1615', 'D07-1112', 'P07-1056', 'W08-1302', 'W07-2202', 'D08-1050', 'P06-1043', 'N04-4006', 'W01-0521']	['N07-4013', 'N04-4028', 'D09-1120', 'D08-1112', 'P07-1107', 'P04-1054', 'P09-1113']	['P03-2030', 'P98-1013', 'W05-0620', 'J02-3001', 'J05-1004', 'W05-0623', 'N07-1069', 'W05-0625', 'W04-2604', 'P09-2019', 'N06-1017', 'N06-2015', 'N07-1071', 'W04-2807']						['domain_adaptation', 'W10-0104', 'N09-1032']	['X93-1012', 'J93-3001', 'W06-0901', 'M91-1004', 'X96-1047', 'M95-1002', 'D07-1075', 'W12-2412', 'M91-1007']	['H89-2011', 'W09-3729', 'C82-1018', 'D07-1050', 'T78-1008', 'E83-1022']				['D13-1027', 'N13-2001', 'D12-1114', 'C10-1017', 'D13-1028']				['question_answering', 'W08-1802', 'N07-1066', 'E06-3005', 'W04-2509', 'N04-1008']	['S13-2091', 'S13-2083', 'S13-2090', 'C10-2036', 'H05-1044', 'J09-3003']		
23		['P93-1024', 'P99-1004', 'J07-2002', 'C04-1146', 'P98-2127', 'J01-3003', 'P07-1028', 'J98-1004', 'P08-1068', 'P02-1030', 'P04-1036', 'D09-1098', 'D08-1094', 'P08-1028']		['D09-1001', 'P09-1113', 'P07-1107', 'D09-1120', 'D08-1112', 'N04-4028', 'P08-1090', 'N07-4013', 'P04-1054']	['P98-1013', 'P03-2030', 'W04-2604', 'J05-1004', 'N06-2015', 'N07-1069', 'W04-2807', 'W05-0620', 'J02-3001', 'N07-1071', 'W05-0625', 'W05-0623', 'N06-1017', 'P09-2019']					['semantic_similarity', 'second-order_co-occurrence_pointwise_mutual_information', 'P13-4006', 'latent_semantic_analysis', 'J05-4002', 'D09-1084', 'S12-1085']		['X93-1012', 'J93-3001', 'M95-1002', 'X96-1047', 'E12-1034', 'W12-2412', 'W06-0901', 'D12-1062', 'D07-1075', 'M91-1007', 'M91-1004']	['C82-1018', 'D07-1050', 'E83-1022', 'C00-2111', 'E09-1069', 'T78-1008', 'N10-1032', 'H89-2011', 'N10-1059', 'W09-3729']						['morphology_(linguistics)', 'word_stem', 'W04-0108', 'E87-1022', 'W04-0111', 'W12-3903', 'W96-0207', 'J08-3003', 'W08-2117']			['S13-2083', 'H05-1044', 'C10-2036', 'S13-2091', 'J09-3003', 'S13-2090']		['classic_monolingual_word-sense_disambiguation', 'word_sense', 'N07-1025', 'I05-1080', 'C10-1019', 'C02-1097']
24	['H05-1042', 'W98-1411', 'P95-1034', 'P09-1011', 'D08-1082', 'P04-1011', 'A00-2026', 'P00-1041', 'N07-1022', 'C10-2062']			['N04-4028', 'D09-1120', 'P07-1107', 'P09-1113', 'P04-1054', 'D08-1112', 'P08-1090', 'N07-4013', 'D09-1001']		['W08-1307', 'H91-1060', 'P06-2006', 'D09-1085']			['lexical_choice', 'content_determination', 'J98-3001', 'W13-2103', 'E03-2016', 'C02-1138']			['X93-1012', 'X96-1047', 'M95-1002', 'W12-2412', 'D07-1075', 'W06-0901', 'J93-3001', 'E12-1034', 'Riloff and Jones, 1999, "Learning Dictionaries for Information Extraction by Multi-Level Bootstrapping"', 'D12-1062', 'M91-1007', 'M91-1004']		['parse_tree', 'terminal_and_non-terminal_functions', 'beam_search', 'J08-4003', 'D12-1029', 'E12-1008', 'J03-1006', 'C92-1032', 'C08-1071', 'H05-1099', 'H92-1025', 'P92-1006', 'P05-1022']			['C10-1017', 'N13-2001', 'D13-1027', 'D12-1114', 'D13-1028', 'I05-2040']		['J08-3003', 'W96-0207', 'W04-0108', 'W12-3903', 'W08-2117', 'E87-1022']			['S13-2083', 'S13-2090', 'S13-2091', 'H05-1044', 'J09-3003', 'C10-2036']		
25	['H05-1042', 'P09-1011']	['J98-1004', 'P93-1024', 'P08-1028', 'P99-1004', 'C04-1146', 'P04-1036', 'P02-1030', 'J01-3003', 'J07-2002', 'P07-1028', 'D09-1098', 'D08-1094', 'P98-2127']		['N07-4013', 'P09-1113', 'P08-1090', 'N04-4028', 'P04-1054', 'D08-1112']					['content_determination', 'lexical_choice']	['semantic_similarity', 'latent_semantic_analysis', 'Dominic Widdows, 2003, Geometry of Meaning', 'J05-4002', 'second-order_co-occurrence_pointwise_mutual_information', 'P13-4006', 'S12-1085', 'D09-1084']		['X93-1012', 'D07-1075', 'J93-3001', 'Anthony Fader and Stephen Soderland and Oren Etzioni, 2011, Identifying Relations for Open Information Extraction', 'D12-1062', 'W06-0901', 'W12-2412']					['D12-1114', 'C10-1017', 'D13-1027', 'N13-2001', 'D13-1028']					['J09-3003', 'S13-2083', 'H05-1044', 'S13-2090', 'S13-2091', 'C10-2036']	['speech_recognition', 'H89-2038', 'H91-1054', 'P93-1007', 'I08-8005', 'H89-2002', 'J94-1002', 'J90-3003']	
26		['J98-1004', 'P99-1004', 'P93-1024', 'C04-1146', 'P98-2127', 'P04-1036', 'P07-1028', 'J07-2002', 'P08-1068', 'D08-1094', 'P08-1028', 'J01-3003']		['D09-1001', 'P07-1107', 'D09-1120', 'P09-1113', 'D08-1112', 'P04-1054', 'N04-4028', 'P08-1090']	['J02-3001', 'P98-1013', 'N06-2015', 'W04-2604', 'W04-2807', 'W05-0620', 'W05-0623', 'W05-0625', 'N07-1069', 'N07-1071', 'P09-2019']					['semantic_similarity', 'P. D. Turney and P. Pantel, 2010, From Frequency to Meaning: Vector Space Models of Semantics', 'latent_semantic_analysis', 'second-order_co-occurrence_pointwise_mutual_information', 'H. SchÃ¼tze, 1998, Automatic word sense discrimination', 'Sebastien Pado and Mirella Lapata, 2007, Dependency-Based Construction of Semantic Space Models', 'P13-4006', 'J05-4002', 'D09-1084']		['X93-1012', 'J93-3001', 'W06-0901', 'E12-1034', 'D12-1062', 'M95-1002', 'X96-1047', 'D07-1075', 'W12-2412']	['N10-1032', 'E09-1069', 'D07-1050', 'H89-2011', 'C00-2111']								['question_answering', 'N04-1008', 'E06-3005', 'W08-1802', 'W04-2509', 'N07-1066']	['H05-1044', 'J09-3003', 'S13-2091', 'S13-2083', 'S13-2090']		['word_sense', 'classic_monolingual_word-sense_disambiguation', 'N07-1025', 'C02-1097', 'I05-1080', 'C10-1019']
27		['P93-1024', 'P99-1004', 'C04-1146', 'J07-2002', 'P02-1030', 'P98-2127', 'P08-1068', 'D09-1098', 'J01-3003', 'P04-1036', 'P07-1028', 'J98-1004', 'D08-1094', 'P08-1028']		['D09-1001', 'P09-1113', 'P07-1107', 'D09-1120', 'D08-1112', 'N04-4028', 'P08-1090', 'N07-4013', 'P04-1054']	['P98-1013', 'W04-2604', 'P03-2030', 'J05-1004', 'N06-2015', 'N07-1071', 'N07-1069', 'W04-2807', 'J02-3001', 'W05-0620', 'W05-0625', 'W05-0623', 'N06-1017', 'P09-2019']					['semantic_similarity', 'second-order_co-occurrence_pointwise_mutual_information', 'P13-4006', 'latent_semantic_analysis', 'J05-4002', 'S12-1085', 'D09-1084']		['X93-1012', 'J93-3001', 'M95-1002', 'X96-1047', 'E12-1034', 'W12-2412', 'W06-0901', 'D12-1062', 'D07-1075', 'M91-1007', 'M91-1004']	['C82-1018', 'E83-1022', 'C00-2111', 'E09-1069', 'T78-1008', 'N10-1032', 'D07-1050', 'H89-2011', 'N10-1059', 'W09-3729']				['C10-1017', 'N13-2001', 'D13-1028', 'D13-1027', 'D12-1114', 'I05-2040']			['J08-4003', 'J11-1007', 'beam_search', 'parse_tree', 'J03-1006', 'D12-1030', 'P12-1110', 'D12-1029', 'E12-1008', 'S12-1058']	['question_answering', 'W08-1802', 'N07-1066', 'W04-2509', 'N04-1008', 'E06-3005']			
28	['W98-1411', 'A00-2026', 'P95-1034', 'D08-1082', 'H05-1042', 'P09-1011', 'P07-1019', 'P00-1041', 'N07-1022', 'J93-2003', 'J07-2003', 'C10-2062', 'P04-1011', 'P02-1040']			['https://en.wikipedia.org/wiki/Information_extraction', 'D09-1001', 'P09-1113', 'N04-4028', 'P07-1107', 'D09-1120', 'P04-1054', 'D08-1112']	['P98-1013', 'J02-3001', 'N06-2015', 'J05-1004', 'W04-2807', 'W05-0625', 'W05-0620', 'W05-0623', 'N06-1017']				['J98-3001', 'lexical_choice', 'content_determination', 'W13-2103', 'C02-1138']			['X93-1012', 'D07-1075', 'W12-2412', 'W06-0901', 'J93-3001', 'X96-1047', 'M95-1002']	['Hyejin Youn et al. ,  2015, On the universal structure of human lexical semantics', 'Kahane, S., & Lareau, F. (2016). Encoding a syntactic dictionary into a super granular unification grammar. GramLex 2016, 92.', 'Baker, Collin F. and Fillmore, Charles J. and Lowe, John B., 1998, The Berkeley FrameNet Project', 'D07-1050', 'C00-2111', 'W09-3729']						['morphology_(linguistics)', 'word_stem', 'W04-0108', 'W12-3903', 'W96-0207', 'W08-2117', 'J08-3003']	['parse_tree', 'beam_search', 'P12-1110', 'E12-1008', 'J08-4003', 'J11-1007']				['word_sense', 'classic_monolingual_word-sense_disambiguation', 'N07-1025', 'I05-1080', 'C10-1019', 'C02-1097']
29						['H91-1060', 'Carroll, John, Guido Minnen, and Ted Briscoe. "Parser evaluation." Treebanks. Springer Netherlands, 2003. 299-316.', 'P06-2006', 'W08-1307', 'D09-1085']	['P08-1024', 'Collins, Michael, Philipp Koehn, and Ivona KuÄ\x8derovÃ¡. "Clause restructuring for statistical machine translation." Proceedings of the 43rd annual meeting on association for computational linguistics. Association for Computational Linguistics, 2005.', 'D08-1023', 'P05-1033', 'Koehn, Philipp, et al. "Moses: Open source toolkit for statistical machine translation." Proceedings of the 45th annual meeting of the ACL on interactive poster and demonstration sessions. Association for Computational Linguistics, 2007.', 'N04-1035', 'N09-1025']	['J03-4003', 'J98-4004', 'Bod, Rens. "An all-subtrees approach to unsupervised parsing." Proceedings of the 21st International Conference on Computational Linguistics and the 44th annual meeting of the Association for Computational Linguistics. Association for Computational Linguistics, 2006.', 'P02-1035', 'P95-1037', 'J93-1002', 'Klein, Dan, and Christopher D. Manning. "Corpus-based induction of syntactic structure: Models of dependency and constituency." Proceedings of the 42nd Annual Meeting on Association for Computational Linguistics. Association for Computational Linguistics, 2004.', 'P03-1054', 'W97-0301', 'P99-1069', 'Garg, Nikhil, and James Henderson. "Temporal restricted boltzmann machines for dependency parsing." Proceedings of the 49th Annual Meeting of the Association for Computational Linguistics: Human Language Technologies: short papers-Volume 2. Association for Computational Linguistics, 2011.', 'P05-1012', 'C04-1010', 'P08-1108', 'C96-1058', 'P02-1043', 'P01-1010', 'P04-1013', 'P05-1011', 'C02-1013', 'W07-2207', 'N07-1051']						['parse_tree', 'terminal_and_non-terminal_functions', 'Tsarfaty, Reut, Joakim Nivre, and Evelina Ndersson. "Evaluating dependency parsing: robust and heuristics-free cross-nnotation evaluation." Proceedings of the Conference on Empirical Methods in Natural Language Processing. Association for Computational Linguistics, 2011.', 'J08-4003', 'beam_search', 'E12-1008', 'Lin, Dekang. "Dependency-based evaluation of MINIPAR." Treebanks. Springer Netherlands, 2003. 317-329.', 'D12-1029', 'Hale, John T. "What a rational parser would do." Cognitive Science 35.3 (2011): 399-443.', 'J03-1006', 'P92-1006', 'H92-1025', 'C08-1071', 'P05-1022', 'H05-1099']	['hybrid_machine_translation', 'Brown, Peter F., et al. "The mathematics of statistical machine translation: Parameter estimation." Computational linguistics 19.2 (1993): 263-311.', 'P13-1140', 'Alshawi, Hiyan, Srinivas Bangalore, and Shona Douglas. "Learning dependency translation models as collections of finite-state head transducers." Computational Linguistics 26.1 (2000): 45-60.', 'C04-1005', 'P10-1034', 'D10-1043', 'P13-4014', 'lepor', 'W13-2247', 'P10-1064', 'J04-4002', 'W02-1021', 'J03-1005', 'D12-1088', 'P10-1049', 'W13-2238']	['parse_tree', 'terminal_and_non-terminal_functions', 'Dâ€™Ulizia, Arianna, Fernando Ferri, and Patrizia Grifoni. "A survey of grammatical inference methods for natural language learning." Artificial Intelligence Review 36.1 (2011): 1-27.', 'J08-4003', 'beam_search', 'D12-1029', 'Goodman, Joshua, et al. "Efficient parsing of DOP with PCFG-reductions." (2003).', 'E12-1008', 'Jiang, Yong, Wenjuan Han, and Kewei Tu. "Unsupervised Neural Dependency Parsing."', 'C08-1071', 'P05-1022', 'H05-1099']	['Elango, Pradheep. "Coreference resolution: A survey." University of Wisconsin, Madison (2005).', 'Poesio, Massimo, Simone Ponzetto, and Yannick Versley. "Computational models of anaphora resolution: A survey." (2011).', 'C10-1017', 'N13-2001', 'D13-1028', 'D13-1027', 'D12-1114', 'I05-2040', 'Clark, Kevin, and Christopher D. Manning. "Entity-Centric Coreference Resolution with Model Stacking." ACL (1). 2015.', 'Iida, Ryu, Kentaro Inui, and Yuji Matsumoto. "Exploiting syntactic patterns as clues in zero-anaphora resolution." Proceedings of the 21st International Conference on Computational Linguistics and the 44th annual meeting of the Association for Computational Linguistics. Association for Computational Linguistics, 2006.']		['morphology_(linguistics)', 'word_stem', 'Creutz, Mathias, and Krista Lagus. Unsupervised morpheme segmentation and morphology induction from text corpora using Morfessor 1.0. Helsinki University of Technology, 2005.', 'Yamashita, Tatsuo, and Yuji Matsumoto. "Language independent morphological analysis." Proceedings of the sixth conference on Applied natural language processing. Association for Computational Linguistics, 2000.', 'J08-3003', 'W12-3903', 'Kolachina, Sudheer, et al. "External sandhi and its relevance to syntactic treebanking." Polibits 43 (2011): 67-74.', 'W08-2117', 'W04-0108']	['parse_tree', 'J08-4003', 'J11-1007', 'Dyer, Chris, et al. "Transition-based dependency parsing with stack long short-term memory." arXiv preprint arXiv:1505.08075 (2015).', 'E12-1008', 'D12-1029', 'beam_search', 'P12-1110', 'J03-1006', 'D12-1030', 'S12-1058']				
30		['P93-1024', 'Turney & Pantel, 2010', 'Landauer & Dumais, 1997', 'P98-2127', 'P99-1004', 'J98-1004', 'C04-1146', 'P02-1030', 'J07-2002', 'P08-1068', 'J01-3003', 'P04-1036', 'P07-1028', 'D08-1094', 'P08-1028', 'D09-1098']		['P04-1054', 'N04-4028', 'D09-1001', 'P09-1113', 'P07-1107', 'D09-1120', 'D08-1112', 'P08-1090', 'N07-4013']	['P98-1013', 'J02-3001', 'W04-2807', 'P03-2030', 'W04-2604', 'J05-1004', 'N07-1071', 'W05-0620', 'W05-0625', 'W05-0623', 'N06-1017', 'P09-2019', 'N07-1069']					['Landauer & Dumais, 1997', 'Jones & Mewhort, 2007', 'J05-4002', 'D09-1084', 'P13-4006', 'S12-1085']		['Cowie & Lehnert, 1996', 'Cardie, 1997', 'M95-1002', 'W06-0901', 'E12-1034', 'D12-1062', 'D07-1075', 'Ji & Grishman, 2008; Refining Event Extraction through Cross-Document Inference', 'W12-2412', 'Yao & Van Durme, 2014; Information Extraction over Structured Data: Question Answering with Freebase']	['T78-1008', 'Jackendoff, 1976; Towards an explanatory semantic representation', 'C00-2111', 'Weischedel, Schwartz, Palmucci, Meteer, & Ramshaw, 1993; Coping with ambiguity and unknown words through probabilistic models', 'Moro, Raganato, & Navigli, 2014; Entity linking meets word sense disambiguation: a unified approach']								['N04-1008', 'W04-2509', 'W08-1802', 'N07-1066', 'E06-3005']	['Liu, 2012; Sentiment analysis and opinion mining', 'Baccianella et al., 2010; SentiWordNet3.0: An Enhanced Lexical Resource for Sentiment Analysis and Opinion Mining', 'Taboada et al., 2011; Lexicon-based methods for sentiment analysis', 'J09-3003', 'S13-2083', 'H05-1044', 'S13-2091', 'S13-2090']	['Rabiner & Juang, 1993; Fundamentals of speech recognition', 'H89-2002', 'J90-3003', 'P99-1002', 'J94-1002', 'Kinoshita et al., 2013; The REVERT challenge: A common evaluation framework for dereverberation and recognition of reverberant speech', 'W06-1302', 'N04-1017', 'Dent et al., 2013; New types of deep neural network learning for speech recognition and related applications: An overview', 'Graves et al., 2013; Speech recognition with deep recurrent neural networks']	
31				['D09-1001', 'P09-1113', 'D08-1112', 'P04-1054', 'N04-4028', 'N07-4013']			['N04-1035', 'P05-1033', 'N09-1025', 'D08-1023', 'P08-1024']	['C92-2065', 'J93-1002', 'J98-4004', 'W97-0301', 'P95-1037', 'P01-1010', 'P02-1035', 'J03-4003', 'J07-4004', 'P96-1025', 'P05-1012', 'C04-1010', 'P08-1108', 'C96-1058', 'P02-1043', 'P04-1013', 'P05-1011', 'P03-1054', 'W07-2207', 'N07-1051']				['X93-1012', 'J93-3001', 'M95-1002', 'X96-1047', 'W06-0901', 'D12-1062', 'D07-1075', 'M91-1007', 'M91-1004']			['machine_translation', 'J04-4002', 'P13-1140', 'J03-1005', 'D11-1019', 'D10-1043', 'W13-0805', 'C04-1005', 'P10-1034', 'P10-1049', 'P13-4014', 'W13-2238', 'lepor', 'hybrid_machine_translation', 'W13-2247', 'P10-1064', 'W02-1021', 'D12-1088']	['H05-1099', 'P92-1006', 'J03-1006', 'C08-1071', 'P05-1022', 'J08-4003', 'D12-1029', 'E12-1008', 'parse_tree']					['question_answering', 'W04-2509', 'N04-1008', 'E06-3005', 'N07-1066', 'W08-1802']	['H05-1044', 'J09-3003', 'C10-2036', 'S13-2091', 'S13-2083', 'S13-2090']	['speech_recognition', 'J90-3003', 'H91-1054', 'P99-1002', 'H89-2038', 'P93-1007', 'J94-1002', 'W06-1302', 'I08-8005']	
32	['J93-2003', 'P02-1040', 'P04-1011', 'W98-1411', 'A00-2026', 'J07-2003', 'P95-1034', 'W05-1506', 'H05-1042', 'D08-1082', 'P09-1011', 'C10-2062', 'P00-1041', 'P07-1019', 'D09-1005', 'N07-1022']		['W01-0521', 'W06-1615', 'P06-1043', 'P07-1033', 'P07-1034', 'Pan et al (2011) Domain Adaptation via Transfer Component Analysis', 'D08-1050', 'D07-1112', 'P07-1056', 'W07-2202', 'N04-4006']	['P08-1090', 'N07-4013', 'D08-1112', 'P09-1113', 'P04-1054', 'https://gate.ac.uk/ie/', 'D09-1001', 'https://www.ldc.upenn.edu/collaborations/past-projects/ace', 'D09-1120', 'P07-1107', 'N04-4028']					['J98-3001', 'W13-2103', 'C02-1138']		['domain_adaptation', 'Blitzer, J., R. McDonald, and F. Pereira (2006). Domain adaptation with structural correspondence learning.', 'Jiang, J. and C. Zhai (2007). Instance weighting for domain adaptation in nlp.', 'N10-1004', 'Hal Daume III (2007) Frustratingly easy domain adaptation.', 'W10-0104', 'N09-1032', 'E09-1006']	['https://en.wikipedia.org/wiki/Information_extraction', 'M95-1002', 'X96-1047', 'Robert GaizauskasYorick Wilks , (1998),"Information extraction: beyond document retrieval"', 'J93-3001', 'W06-0901', 'X93-1012', 'D12-1062', 'D07-1075', 'M91-1007', 'M91-1004']					['https://catalog.ldc.upenn.edu/LDC2003T13', 'C10-1017', 'D13-1027', 'https://nlp.stanford.edu/projects/coref.shtml', 'D12-1114', 'N13-2001', 'I05-2040', 'D13-1028']			[' Aho, A.V., Sethi, R. and Ullman ,J.D. (1986) " Compilers: principles, techniques, and tools."', 'G. Gazdar and C. Mellish. Natural Language Processing in Prolog .', 'Charniak et al (1998). Edge-based best-first chart parsing ', 'J08-4003', 'J11-1007', 'beam_search', 'parse_tree', 'J03-1006', 'D12-1030', 'P12-1110', 'D12-1029', 'E12-1008', 'S12-1058']				['classic_monolingual_word-sense_disambiguation', 'N07-1025', 'Adam Kilgarriff and Joseph Rosenzweig. 2000. English Framework and Results. Computers and the Humanities 34 (1-2), Special Issue on SENSEVAL.', 'Wilks(2000) Is Word Sense Disambiguation Just One More NLP Task? ', 'C10-1019']
